Date,Trend
2014/1/1,1
2014/2/1,2
2014/3/1,3
2014/4/1,4
2014/5/1,5
2014/6/1,6
2014/7/1,7
2014/8/1,8
2014/9/1,9
2014/10/1,10
2014/11/1,11
2014/12/1,12
2015/1/1,13
2015/2/1,14
2015/3/1,15
2015/4/1,16
2015/5/1,17
2015/6/1,18
2015/7/1,19
2015/8/1,20
2015/9/1,21
2015/10/1,22
2015/11/1,23
2015/12/1,24
2016/1/1,25
2016/2/1,26
2016/3/1,27
2016/4/1,28
2016/5/1,29
2016/6/1,30
2016/7/1,31
2016/8/1,32
2016/9/1,33
2016/10/1,34
2016/11/1,35
2016/12/1,36
2017/1/1,37
2017/2/1,38
2017/3/1,39
2017/4/1,40
2017/5/1,41
2017/6/1,42
2017/7/1,43
2017/8/1,44
2017/9/1,45
